Ticker,Empresa,Nota Asvid,Negócios,Nota IA,Setor,Retorno 1M,Retorno 1A,EBITDA (Var. %),Lucro Líq (Var. %),EV/EBITDA,P/L,DL/EBITDA,DL/EBITDA (Var. %),Valor de Mercado,Comentário Asvid
MDNE3,Moura Dubeux,5,"3,469",5,Construção Civil,-17.94%,80.1%,16%,20%,5.6,6.7,0.16,-77%,2.932B,Moura Dubeux também está virando sinônimo de recordes em cima de recordes. Atenção para o follow on recente e suas consequências
MULT3,Multiplan,5,"7,932",5,Shoppings,-12.09%,18.3%,5.8%,7.2%,9.5,13,2.1,-8.6%,15.6B,"A Multiplan agora tem venda de imóveis no resultado para prestar atenção, mas tudo continua excelente por aqui"
DIRR3,Direcional,5,"6,455",5,Construção Civil,-11.16%,17.9%,9.3%,7.8%,6.6,6.6,0.63,3.3%,7.058B,"Direcional é padrão ouro entre as construtoras, resultado excelente há anos e ficando cada vez melhor"
PSSA3,Porto,5,"5,442",4,Seguros,-8.978%,7.29%,3.4%,8.6%,5.2,8.8,-,0%,31.84B,"Resultado excelente da Porto, as seguradoras estão ganhando nas duas pontas e tendo resultados espetaculares"
BPAC11,BTG Pactual,5,"18,796",5,Bancos,-13.06%,39.3%,,8.2%,,27,-,0%,270.1B,"BTG voando mais uma vez, impressionante o resultado da empresa nesse ambiente econômico"
IGTI11,Iguatemi,5,"5,878",5,Shoppings,-12.35%,20.7%,13%,22%,29,53,1.4,-24%,7.801B,"Acho que já dá para dizer que todos os shoppings estão voando, um resultado melhor que o outro, Iguatemi incluso"
MOVI3,Movida,5,"9,107",5,Locação - Veículos,-34.19%,49.1%,4%,14%,3.8,14,3.1,-1.9%,4.219B,"Mais um resultado excelente da Movida, como tem virado regra. Yield, spread, desalavancagem, tudo em um cenário muito complicado"
CPLE3,Copel,5,"23,060",4,Energia - Distribuição,-10.73%,39.6%,2.6%,1.1%,9.3,17,2.7,4.6%,44.35B,"Mais um bom resultado da Copel, que já faz tempo que é uma das melhores elétricas da bolsa, destaque para o leilão de capacidade"
TOTS3,Totvs,5,"13,552",5,Software e Serviços de TI,-6.862%,-23.7%,6.1%,3.4%,15,22,2.2,"7,300%",19.12B,"A Totvs já era excelente antes, agora com a Linx tem tudo para melhorar ainda mais com novos negócios e diversificação"
VALE3,Vale,5,"17,565",4,Mineração,-4.724%,65.5%,4.3%,17%,8.6,26,1.4,10%,371.1B,"Bom resultado da Vale, puxado por preços melhores e volumes maiores. Interessante evolução dos metais básicos"
PGMN3,Pague Menos,5,"7,585",4,Varejo - Farmacêutico,-23.43%,36%,4.5%,18%,3.2,15,0.98,-13%,3.265B,"Mais um resultado excelente da Pague Menos, aproveitando a onda positiva para as empresas de varejo farmacêutico"
AURA33,Aura Minerals,5,"7,828",5,Mineração,-23.68%,229%,27%,-200%,8.6,25,0.23,-15%,26.9B,"Agora que o custo do hedge do ouro está acabando, o monstro está saindo da jaula, com esses preços de ouro a Aura voa"
ITSA4,Itaúsa,5,"15,279",5,Holdings,-10.69%,31.2%,2.5%,3.1%,7.6,9.2,0.21,-16%,147B,"Nenhuma surpresa aqui, resultado da Itaúsa basicamente acompanha o Itaú, que tem vindo excelente, logo..."
EQTL3,Equatorial,5,"18,697",4,Energia - Distribuição,-13.9%,8%,0.062%,-4%,8.4,21,4.1,4.4%,48.48B,"Bom resultado da Equatorial, ainda pressionado pelo custo de capital, mas seguindo crescendo o operacional e diminuindo div/EBITDA"
SMFT3,Smart Fit,5,"11,220",5,Varejo - Academias,1.391%,-12.4%,6.2%,8%,4.4,17,1.1,-4.3%,11.97B,"Excelente resultado da SmartFit, um dos cases de crescimento no Brasil mais interessantes atualmente"
LREN3,Lojas Renner,5,"17,541",5,Varejo - Vestuário Geral,3.078%,-10.6%,0.91%,2.5%,4.5,10,-,0%,15.52B,"Belo resultado das Lojas Renner, mesmo com SSS bem pequeno, o resultado foi impressionante para um 1T"
VULC3,Vulcabras,5,"4,402",4,Varejo - Calçados e Artigos Esportivos,-8.651%,-3.14%,1.2%,-2.2%,6.3,4.9,0.75,-14%,4.945B,"Resultado bom da Vulcabras, atenção que teve não recorrente. Operacional bom, mas a graça dos dividendos da empresa cobrou o preço"
TFCO4,Track Field,5,"1,898",4,Varejo - Calçados e Artigos Esportivos,-8.943%,5.35%,2%,0%,9.2,110,0.45,-17%,2.263B,"Mais um belo resultado da Track and Field, um trimestre que várias empresas do varejo tiveram dificuldades, ela passou com mérito"
RIAA3,Riachuelo,5,"2,575",4,Varejo - Vestuário Geral,-8.375%,57.9%,0.45%,2.2%,2,3.1,0.38,660%,4.767B,"Resultado bom da Riachuelo, por mais que a DRE pareça fraca, é uma evolução ante ao 1T25 em um trimestre mais fraco do varejo"
PRIO3,PRIO,5,"22,357",5,Petróleo e Gás,9.091%,75.5%,23%,15%,8.5,22,2.6,-22%,56.11B,"Finalmente consegui fazer a IA dar 5 estrelas para a PRIO, também não tinha como não ser com um dos maiores resultados da história"
BBSE3,BB Seguridade,5,"6,222",5,Seguros,-0.6628%,3.73%,1.4%,1.9%,6.1,7.4,-,0%,67.21B,"Parece que o impacto do agro na BB Seguridade foi muito menor que no Banco do Brasil, resultado muito bom da BBSE no trimestre"
TEND3,Tenda,5,"7,751",5,Construção Civil,-5.008%,48.6%,16%,20%,6.4,6.6,0.48,4.3%,3.976B,"A Tenda é uma das melhores construtoras da bolsa hoje, executando com perfeição a estratégia e colhendo os resultados"
TIMS3,TIM,5,"5,238",5,Telecomunicações,-12.28%,23.8%,1.6%,0.44%,3.8,15,-,0%,54.28B,"Resultado muito bom e robusto da TIM, nenhuma novidade, há um bom tempo as grandes telecoms viraram máquinas de fazer dinheiro"
PNVL3,Grupo Panvel,5,"4,661",5,Varejo - Farmacêutico,-15.86%,40.6%,4.1%,5.6%,5.7,16,2.1,-3.6%,1.788B,"A Panvel continua excelente, surfando na onda do crescimento das empresas de varejo farmacêutico"
ITUB4,Itaú,5,"25,970",5,Bancos,-12.44%,18.2%,,2.5%,,10,-,0%,447.9B,"Itaú continua excelente como sempre, praticamente nada a comentar aqui"
MILS3,Mills,5,"6,412",5,Locação - Máquinas e Equip.,-2.53%,34.4%,6.9%,43%,4.9,7.5,1.2,-16%,3.524B,"Resultado da Mils segue excelente, teve não recorrente positivo no trimestre, mas o resultado de qualquer forma teria sido ótimo"
RENT3,Localiza,5,"19,416",5,Locação - Veículos,-14.16%,14.6%,5.7%,20%,5.6,23,2.2,-7.5%,48.61B,"Resultado excelente da Localiza, depois de alguns tropeços a empresa voltou com tudo e teve o maior lucro da história"
BMEB4,Banco Mercantil,5,409,5,Bancos,-1.579%,94.2%,,25%,,11,-,0%,8.381B,"Os negócios do Banco Mercantil continuam indo muito bem, mas atenção que as provisões e a inadimplência começaram a subir"
EMBJ3,Embraer,5,"10,312",5,Aeroespacial e Defesa,-9.224%,8.7%,2.4%,-14%,12,33,0.61,0%,54.26B,"Resultado da Embraer continua muito bom, backlog crescendo, conseguiu superar a discussão das tarifas no ano passado"
SEER3,SER Educacional,5,"2,130",5,Educação,-11.46%,21.3%,3.3%,15%,2.7,6.9,0.57,-16%,1.506B,A Ser arrumou a casa em 2025 e agora parece pronta para crescer com rentabilidade depois um certo tempo de dificuldades
VIVT3,Telefônica Brasil,5,"6,857",5,Telecomunicações,-11.54%,29.1%,2%,3.2%,4.7,21,0.42,-21%,108.2B,"As telecoms estão no melhor momento histórico dos seus negócios, menos capex e muita geração de caixa"
RADL3,RD Saúde,5,"17,913",5,Varejo - Farmacêutico,-19.9%,30.7%,0.83%,-0.46%,7.3,32,0.64,-7.2%,32.38B,"Outra empresa que não tenho mais o que falar, a não ser o quão excelente é a RD Saúde"
B3SA3,B3,5,"31,966",5,Serviços Financeiros,-12.64%,20.5%,5.6%,8.1%,12,19,-,0%,87.1B,"Resultado muito forte da B3, não muito usual recentemente, mas esse trimestre realmente quebrou a banca"
PINE4,Banco Pine,5,"4,041",5,Bancos,-8.994%,203%,,17%,,6.6,-,0%,3.74B,"Esse talvez seja o melhor resultado de banco no momento, o Pine realmente mudou de patamar com a estratégia do colateralizado"
JHSF3,JHSF,5,"6,041",4,Exploração Imobiliária,-25.16%,126%,-3.6%,1.7%,3.5,3.3,0.48,130%,7.385B,"A JHSF tem um dos negócios mais interessantes do mercado, porém também não é simples de analisar, saiba o que está fazendo"
BMOB3,Bemobi,5,"1,590",4,Serviços Financeiros,-9.168%,41.5%,8.1%,4.3%,8.3,14,-,0%,2.199B,"A Bemobi já faz tempo que decolou e está entregando resultados excelentes, mesmo que ainda não seja muito conhecida de muita gente"
WEGE3,Weg,5,"10,696",4,Máquinas e Produtos Industriais,-9.852%,-0.28%,-0.78%,-0.86%,20,32,-,0%,181.8B,"Resultado tranquilo da Weg, algumas linhas de receita mais fracas já esperadas, mas o resultado, no geral, continua muito forte"
LAVV3,Lavvi,5,"3,385",3,Construção Civil,-21.65%,22.1%,-4.3%,-3%,6.1,6.2,1,24%,2.367B,"Novamente, construção civil é bem difícil para a IA analisar, a Lavvi continua excelente, só reconhecendo menos pelo POC"
CURY3,Cury Construtora,5,"10,238",5,Construção Civil,-10.55%,20.4%,9.5%,11%,6.6,9.1,-,0%,9.821B,"Resultado excelente da Cury, como já virou hábito, a empresa é hoje uma das melhores construtoras da bolsa"
RDOR3,Rede D'Or,5,"21,396",5,Saúde - Serviços Hospitalares,-11.83%,3.4%,5.3%,-1.2%,7,19,0.59,23%,79B,"Resultado da Rede D'or continua muito forte, mesmo com a base de comparação bem difícil dos últimos resultados"
BMGB4,Banco BMG,5,"2,044",4,Bancos,-3.903%,57.6%,,1.2%,,5,-,0%,3.488B,"O BMG é um dos bancos pequenos que estão indo muito bem, focando principalmente no consignado e obtendo muito sucesso"
CXSE3,Caixa Seguridade,5,"6,543",5,Seguros,-6.674%,20.9%,2.1%,2.3%,11,13,-,0%,52.86B,"As seguradoras estão voando, ganhando nas duas pontas com Selic alta e bons resultados operacionais"
FIQE3,Unifique,5,"1,001",5,Telecomunicações,-8.702%,89.9%,3.8%,7.2%,4.7,12,0.51,-22%,2.606B,"Mais um resultado excelente da Unifique, mercado demorou, mas finalmente reconheceu as qualidades da empresa"
TTEN3,3tentos,5,"4,284",5,Agronegócio - Insumos Agrícolas,-0.3163%,11.8%,-4%,-13%,16,11,3.4,17%,7.967B,"Ajustando para o hedge o resultado da 3Tentos foi excelente, a empresa é um dos melhores cases de crescimento da bolsa"
INBR32,Inter&Co,5,"14,379",5,Bancos,-23.32%,-22.9%,,7.9%,,12,-,0%,10.32B,"Resultado ótimo do Banco Inter, ainda que não esteja crescendo tão rápido quanto o mercado espera, está entregando muito resultado"
VTRU3,Vitru,5,"1,535",4,Educação,-13.2%,37.9%,5.9%,200%,4.1,1.8,1.7,-14%,2.078B,"A Vitru também está mudando os seus critérios de reconhecimento de alunos faltantes, resultado desacelerou, mas continua bom"
GUAR3,Guararapes,4,"7,430",5,Varejo - Vestuário Geral,19.15%,114%,12%,87%,3.9,12,0.61,49%,5.071B,"Outra empresa de vestuário que está melhorando bastante os resultados, como estamos acompanhando ao longo desse ano"
ODPV3,Odontoprev,4,"9,902",5,Seguros,9.396%,48.3%,-2.5%,-3.1%,9,13,-,0%,8.198B,"Bom, é preciso um pouco de cautela com a reestruturação da empresa, mas é inegável que o negócio mudou e agora a realidade é outra"
NEOE3,Neoenergia,4,659,4,Energia - Distribuição,1.107%,55%,2.7%,5.6%,6.3,7.6,3.5,3.5%,41.03B,"A empresa está fechando o capital, então não faz tanta diferença, mas o resultado foi muito bom para a Neoenergia"
CMIG4,Cemig,4,"10,982",4,Energia - Distribuição,-16.39%,17%,-0.47%,-1.2%,6.7,7.5,2.2,6.4%,37.07B,"A Cemig teve uma boa reestruturação nos últimos anos e segue tranquila, sem muitos solavancos e investindo na rede de distribuição"
COGN3,Cogna,4,"7,728",4,Educação,-19.67%,-11.2%,6.3%,8%,5.7,10,2.9,-6.5%,5.285B,"Realmente a Cogna vem bem melhor desde ano passado, se continuar nesse ritmo pode voltar aos dias áureos do passado"
SANB11,Santander,4,"2,936",3,Bancos,-9.997%,-2.62%,,0.85%,,,-,0%,103.5B,"Resultado fraco do Santander, a inadimplência e despesas estão controladas, mas a empresa não consegue crescer nesse cenário"
PFRM3,Profarma,4,"1,067",3,Varejo - Farmacêutico,-18.62%,-18.2%,2.8%,-10%,3.6,9.1,1.7,13%,839.5M,"A Profarma segue com resultados bons, mas nesse trimestre impactados por efeitos não recorrentes e resultado ruim de distribuição"
EUCA4,Eucatex,4,"1,178",4,Materiais de Construção,28.98%,65.5%,14%,29%,4,4.6,0.7,-20%,2.485B,"A Eucatex tem resultados realmente muito bons, embora a empresa seja um pouco complicada de investir"
CPFE3,CPFL Energia,4,"4,583",4,Energia - Distribuição,-12.79%,16.6%,0.06%,5.1%,5.6,9.3,1.9,-0.52%,49.89B,"Um resultado tranquilo da CPFL, típico de uma empresa madura e resiliente, geradora de caixa. Acompanhar a dívida"
EZTC3,Eztec,4,"3,696",5,Construção Civil,-17.51%,34.8%,4%,5.3%,7.9,6.8,-,-100%,3.734B,"A Eztec parece que está voltando aos velhos tempos, lançando muito, vendendo bem, pelo visto lembrou como era gerar valor"
BEEF3,Minerva,4,"6,063",3,Alimentos - Carnes e Derivados,-5.736%,-22.5%,3.2%,-11%,3.5,5.7,2.8,4.2%,3.832B,"Resultado financeiro está penalizando demais a Minerva, mesmo que a operação siga robusta, não é um balanço fácil"
PETR4,Petrobras,4,"47,152",4,Petróleo e Gás,-5.583%,54.8%,0.38%,-2.3%,4,5.8,1.4,-3.4%,598.7B,"Uma certa surpresa o resultado da Petrobrás não ter vindo melhor, mas o impacto dos preços mais altos foi postergado para o 2T26"
ANIM3,Anima,4,"3,444",4,Educação,-22.77%,-16.5%,0.98%,-0.78%,3.8,6.8,2.9,2.9%,1.369B,"Atenção para essa queda de alunos na base digital, além dos gastos e resultado financeiro. No geral continua positivo"
FLRY3,Fleury,4,"4,458",4,Saúde - Serviços Diagnósticos,-4.909%,35.5%,2.6%,3.5%,5.5,14,1.5,0%,8.711B,"A Fleury, desde o resultado anterior, começou a querer acelerar um pouco o crescimento, uma ótima notícia para os acionistas"
HYPE3,Hypera Pharma,4,"4,846",4,Saúde - Farmacêutico,-1.913%,-1.96%,35%,41%,8,9.8,2.2,-40%,16.17B,"Um resultado um pouco melhor da Hypera, que estava fraco recentemente, crescendo no sell-out e ganhando marketshare"
AGRO3,BrasilAgro,4,343,2,Agronegócio - Produção Agrícola,-5.364%,-7.47%,-82%,-110%,65,,27,550%,1.944B,"Acho que é a primeira vez que eu vejo um resultado ruim da BrasilAgro, ainda não fechou a safra mas o 3T já é significativo"
ENEV3,Eneva,4,"12,270",4,Energia - Geração,-7.658%,77.7%,2.5%,9.8%,10,26,2.8,6.1%,48.85B,"Eneva tem um negócio bem complicado, mas pelo visto vem navegando bem no setor, com bom impulso do leilão de capacidade"
ALUP11,Alupar,4,"3,221",5,Energia - Transmissão,-5.608%,12.6%,-3.6%,-8.5%,,,2.9,3.2%,11.21B,"Realmente, resultado excelente é muito exagero, mas a Alupar até que vem navegando melhor nesse cenário ruim de transmissoras"
MRVE3,MRV Engenharia,4,"5,416",4,Construção Civil,-20.55%,19.4%,67%,-28%,15,,11,-43%,3.529B,"Como eu comentei no trimestre anterior, a MRV está aos poucos arrumando a casa e voltando a ter resultados melhores como os pares"
SYNE3,SYN,4,967,4,Exploração Imobiliária,-7.335%,-8.45%,-1%,2.7%,4.3,7.9,1.3,8.4%,587.7M,"Interessante as empresas de exploração imobiliária, não dá para olhar só para a DRE, tem que entender o ciclo inteiro do negócio"
CSUD3,CSU,4,567,3,Serviços Financeiros,-8.564%,-1.3%,-2.9%,-3.8%,4.6,7.3,0.31,15%,725.2M,"Realmente os resultados da DRE deixaram um pouco a desejar a empresa, mas é o preço do eventual crescimento futuro tão desejado"
SOJA3,Boa Safra,4,"2,190",3,Agronegócio - Insumos Agrícolas,-11.33%,-43.5%,11%,11%,12,9.1,5.7,130%,946.5M,"Infelizmente, o crescimento da DRE da Boa Safra é só deslocamento sazonal, esse ano promete ser complicado para a empresa"
SAPR11,Sanepar,4,"2,191",3,Saneamento,-11.61%,24.4%,-9.2%,-41%,0.64,27,0.71,18%,11.64B,"Um pouco de exagero na análise da Sanepar, o resultado foi tranquilo e a empresa está bem posicionada para investir pesado"
LPSB3,Lopes Brasil,4,171,3,Exploração Imobiliária,-10.93%,-1.21%,1.4%,-1.9%,2.4,4.8,-,0%,246.4M,"O cenário anda bem complicado para a Lopes, mesmo assim os resultados não são horríveis, só parece que estão longe de decolar"
SBSP3,Sabesp,4,"21,952",5,Saneamento,-17.7%,25.5%,4.4%,3.2%,8.7,64,2.1,12%,102.6B,"Sabesp é uma outra empresa, mesmo com desafios de afluência, o resultado continua sólido em um patamar elevado"
AZZA3,Azzas 2154,4,"5,740",2,Varejo - Vestuário Geral,-3.313%,-49.7%,-7.2%,-8.7%,3.8,6.4,1.3,9.4%,4.314B,"Resultado bem ruim da Azzas, pelo menos tem uma justificativa, diminuir o sell-in para melhorar os estoques. Acompanhar de perto"
CYRE3,Cyrela Realty,4,"14,821",4,Construção Civil,-21.56%,11.2%,0.51%,-1.4%,5.7,5.3,2.1,3.5%,8.705B,"Cyrela segue indo muito bem, lançando um pouco menos mas mantendo os indicadores de qualidade"
ALPA4,Alpargatas,4,"2,924",5,Varejo - Calçados e Artigos Esportivos,-0.1623%,55.1%,10%,8.8%,9.1,14,0.54,-36%,7.713B,"Resultado bem expressivo da Alpargatas, empresa que já vinha melhorando bem nos últimos resultados"
EGIE3,Engie,4,"2,484",4,Energia - Geração,-10.8%,17.1%,2.7%,-1.2%,7.9,13,3.1,-4.8%,37.22B,"A Engie ganhou uns bons contratos de reserva de energia, aquisições e desenvolvimento ajudam a empresa a seguir crescendo"
KEPL3,Kepler,4,"1,682",3,Máquinas e Produtos Industriais,-12.31%,-3.03%,-8.2%,-5.1%,5.9,10,-,-100%,1.287B,"A Kepler está amargando a crise do agro com força, o importante é manter o foco no longo prazo e esperar a recuperação"
AXIA3,AXIA Energia,4,"10,411",5,Energia - Geração,-14.39%,-,37%,45%,18,18,3.9,-28%,163.5B,"A Axia segue tentando acabar com os esqueletos do armário, que parecem que não acabam nunca, mas está melhorando visivelmente"
POMO4,Marcopolo,4,"7,590",3,Automotivo,-13.81%,7.23%,2.9%,1.7%,6,6.2,1,2%,7.707B,"Resultado ok da Marcopolo, perdeu um pouco de receita, mas melhorou as margens, se manteve em um bom patamar de resultados"
TRIS3,Trisul,4,873,4,Construção Civil,-21.86%,-33.6%,-3.3%,-7%,7.5,7.1,2.2,-9.8%,1.094B,"Interessante a migração para o MCMV, empresa vendendo para girar estoque, sacrificando margens, importante ciclo de entregas"
MOTV3,Motiva,4,"5,632",4,Transporte e Logística - Concessões,-13.74%,11.7%,-2%,2.7%,7.1,8.9,3.6,7.1%,29.71B,"A Motiva está fazendo uma profunda reestruturação estratégica dos seus ativos, aparentemente o resultado está ficando melhor"
GMAT3,Grupo Mateus,4,"6,081",3,Varejo - Alimentício,-3.939%,-42.2%,-3.8%,-6.8%,4.1,6.2,0.27,-29%,10.25B,"Resultado feio, desde o trimestre passado a empresa passou pro dificuldades nas vendas que nunca teve, pelo menos segurou o caixa"
ABCB4,Banco ABC,4,"1,705",3,Bancos,-5.099%,22.8%,,0.5%,,6.6,-,0%,6.463B,"Talvez um pouco rigorosa a IA, não achei ruim o resultado do ABC mesmo que alguns indicadores tenham piorado"
AUAU3,Petz,4,"2,818",4,Varejo - Pet shop,-14.21%,-24.2%,40%,39%,6,20,-,0%,2.927B,"Pelo visto a fusão fez bem para a Petz, que acelerou o SSS e aumentou muito o EBITDA. Quem sabe a empresa está voltando das cinzas"
SAUD3,Bradsaúde,4,"7,820",5,Seguros,-,-,-2.5%,-3.1%,,,-,0%,39.3B,"Bom, é preciso um pouco de cautela com a reestruturação da empresa, mas é inegável que o negócio mudou e agora a realidade é outra"
CSMG3,Copasa,4,"14,797",3,Saneamento,-9.564%,130%,-0.88%,-4.3%,9.2,16,2.3,2.2%,20.15B,"Acho que a IA foi um pouco exigente, mas é verdade que os custos aumentaram um pouco e a empresa tem muito capex pela frente"
IRBR3,IRB Brasil,4,"1,131",4,Seguros,-5.567%,13.2%,-27%,-10%,L,13,-,0%,4.297B,"Para quem ainda se perguntava, esse deve ser o IRB a partir de agora, IC rondando os 100%, crescimento baixo dos prêmios"
WIZC3,Wiz,4,"1,519",3,Seguros,-10.88%,23.3%,-3.7%,-3.3%,1.8,4,-,0%,1.278B,"Resultado um pouco mais fraco da Wiz, que não conseguiu compensar a queda do run-off. Nada de mais, mas bom acompanhar"
BBDC4,Bradesco,4,"21,137",4,Bancos,-13.67%,14%,,-1.9%,,8.6,-,0%,178.5B,"Parece que a recuperação do Bradesco engrenou, agora estamos vendo resultados melhores e o ROAE em trajetória de alta sólida"
BRAP4,Bradespar,4,"4,126",5,Holdings,-5.736%,59.7%,50%,43%,12,12,-,0%,8.65B,"Não tem muito o que comentar, resultado acomapnhar o da Vale, que foi bom no trimestre, logo o dela também"
CMIN3,CSN Mineração,4,"7,930",4,Mineração,-9.312%,-12.5%,-2.5%,35%,4,12,0.04,-20%,24.39B,"Resultado tranquilo da CSN Mineração, com bons preços do minério compensados por um câmbio pior"
LEVE3,Mahle Metal Leve,4,"1,572",4,Autopeças,-5.865%,18.3%,1.1%,9%,5.2,7.1,0.94,-2.1%,4.465B,"Enquanto o setor inteiro automobilístico amarga uma crise brava, a Metal Leve segue em voo de cruzeiro, entregando bons resultados"
SLCE3,SLC Agrícola,4,"4,623",3,Agronegócio - Produção Agrícola,-9.106%,3.81%,-12%,-48%,7.4,32,3.3,41%,8.09B,"Essa safra em especial promete ser complicada, mas a SLC é uma excelente empresa para entregar valor no longo prazo"
TGMA3,Tegma,4,"1,019",3,Transporte e Logística - Rodoviário,-7.12%,-0.758%,0%,-2.1%,5.9,8.7,0.02,-92%,2.096B,"Parece que o resultado foi melhor que os números mostraram, a empresa está se preparando para um volume de demanda melhor à frente"
YDUQ3,Yduqs,4,"4,326",3,Educação,-14.17%,-36.6%,-4.5%,-35%,4.3,28,2.6,6%,2.659B,"Achei mediano o resultado da Yduqs, a empresa parece estar dando cada vez mais valor aos cursos premium, o que é muito promissor"
ORVR3,Orizon,4,"1,391",5,Serviços Ambientais,-5.797%,49.5%,6.1%,35%,17,69,2.7,2.7%,7.502B,"Será que dessa vez a Orizon vai finalmente decolar? O negócio é interessante, mas precisa parar de depender de capital externo"
ASAI3,Assaí,4,"11,935",3,Varejo - Alimentício,-11.81%,-16.6%,7.6%,41%,4.2,18,2.1,7.2%,12.34B,O cenário é bem complicado para o Assaí mas a gestão vem fazendo o que pode para segurar os resultados da empresa
ALOS3,Allos,4,"11,572",4,Shoppings,-12.75%,43%,-1.5%,-1.2%,8.5,16,1.7,7.5%,14.52B,Aparentemente todas as empresas de shopping centers estão com resultados excelentes e voando
PLPL3,Plano&Plano,4,"6,578",3,Construção Civil,-28.56%,-34.2%,-4.1%,-8.7%,4,7,0.17,0%,1.951B,"A IA foi muito exigente aqui, a Plano e Plano reconheceu menos resultado da DRE mas segue lançando e vendendo bem"
MTRE3,Mitre Realty,4,"1,004",4,Construção Civil,-7.533%,0.282%,11%,13%,7.9,4.5,4.4,-6.2%,378.7M,"Aparentemente o resultado da Mitre melhorou, principalmente em relação à margem bruta, acompanhar a queda no VSO"
DMVF3,D1000 Varejo Farma,4,279,4,Varejo - Farmacêutico,-17.5%,8.41%,5.4%,4.3%,2.6,15,0.38,100%,300.1M,"Resultado bom da D1000, mas ainda muito no limite, mesmo os números mais altos ainda estão com margens baixíssimas"
PASS3,Compass,4,"1,850",4,Distribuição de Gás,-,-,0.64%,-2.6%,,,2.6,5.2%,19.47B,"Primeiro resultado da Compass que analisamos, não pareceu nada de mais olhando por cima, setor não parece ser muito simples"
MELK3,Melnick,4,"1,343",4,Construção Civil,-5.491%,10.8%,23%,10%,8.9,4.3,3.6,-9.7%,680.7M,"Bom resultado da Melnick, vendendo bem tanto lançamentos quanto estoque, veremos como os lançamentos se comportam no ano"
BLAU3,Blau Farmacêutica,4,"1,093",4,Saúde - Farmacêutico,-0.9769%,11.4%,-5%,-19%,6.3,9.8,0.04,0%,2.526B,"Interessante o resultado da Blau, está reestruturando o seu portfólio e começa a ter sinais positivos como o crescimento do EBITDA"
CEAB3,C&A,4,"11,636",3,Varejo - Vestuário Geral,-10.26%,-32.5%,-1.3%,-0.34%,2.8,6.4,0.1,0%,3.68B,"Achei a IA um pouco exigente aqui, o resultado veio um pouquinho abaixo do ano passado mas nada de mais"
ALPK3,Estapar,4,456,5,Transporte e Logística - Rodoviário,-2.826%,31.9%,2.9%,43%,4.2,47,2.4,1.3%,993.5M,"Estapar já chegou no equilíbrio contábil, falta agora deslanchar e começar a gerar valor de maneira consistente"
VIVA3,Vivara,4,"5,505",3,Varejo - Artigos de Luxo,-18.18%,-7.96%,0.11%,-5.6%,6.3,10,0.23,53%,5.369B,"Resultado contábil da Vivara assustou um pouco, mas pelo visto as vendas continuam bem, mesmo com as despesas disparando"
BRAV3,Brava Energia,4,"11,773",4,Petróleo e Gás,-3.039%,9.71%,12%,-84%,3.8,41,2,-13%,9.259B,"Resultado operacional da Brava foi bom, mas destaque para o impacto absurdo do hedge que a empresa fez no resultado financeiro"
MATD3,Hospital Mater Dei,4,619,5,Saúde - Serviços Hospitalares,-12.15%,8.35%,6%,11%,5.1,15,1.6,-4.8%,1.751B,"A Mater Dei é a mais nova empresa da saúde que está entregando resultados sólidos, realmente parece que viraram a chave"
LOGG3,Log CP,4,"2,636",5,Exploração Imobiliária,-5.328%,37.8%,11%,13%,6.6,5.9,3.3,-12%,2.258B,"Atenção para o resultado de avaliação de ativos impactando o resultado, fora isso parece que o negócio da Log é mesmo interessante"
VAMO3,Vamos,4,"6,306",4,Locação - Veículos,-29.04%,-20.3%,1.8%,-6.4%,4.3,13,3.2,-2.7%,4.118B,"Parece que a Vamos aos poucos está se recuperando das dores do crescimento, principalmente em relação às vendas dos ativos"
MLAS3,Multi,4,"1,006",5,Tecnologia,0%,67.3%,56%,48%,4.7,5.9,-,0%,1.387B,"Por incrível que pareça a Multilaser segue melhorando, um pouco de efeito cambial mas realmente parece que estão trabalhando bem"
GGPS3,Grupo GPS,4,"9,164",,Serviços Profissionais,-17.29%,-10.3%,0.6%,-3.3%,7.3,19,1.4,1.4%,9.811B,"Nunca achei o negócio do Grupo GPS muito animador, parece que só cresce no volume de aquisições sem gerar muito valor"
BRST3,Brisanet,4,768,4,Telecomunicações,-8.497%,0%,0.93%,-2.4%,3.9,35,2.2,0.91%,1.257B,"A Brisanet paga um pouco o preço do investimento acelerado, mas aos poucos vai crescendo o resultado também"
CVCB3,CVC,3,"2,195",2,Turismo e Lazer,-16.51%,-21.3%,-2.2%,160%,2.4,,0.47,160%,935.6M,"Um passo atrás na recuperação da CVC que parecia boa, as condições geopolíticas deram mais um golpe na empresa"
MBRF3,Marfrig,3,"9,249",3,Alimentos - Carnes e Derivados,-11.18%,-26%,-0.55%,-60%,5.7,98,3.9,1.3%,22.77B,"Depois de um cenário em que tudo estava perfeito, agora algumas das condições não tão favoráveis colocam a empresa sob pressão"
EVEN3,Even,3,"4,569",3,Construção Civil,-12.39%,-2.68%,-8.6%,-8.4%,7.5,5.3,2.4,21%,1.194B,"Até a Even está tentando se organizar, vendendo estoque pronto e tentando arrumar a casa, está no processo, vamos ver se consegue"
ECOR3,Ecorodovias,3,"7,803",4,Transporte e Logística - Concessões,-17.83%,35.5%,2.7%,-18%,4.8,8.3,3.9,1.3%,5.564B,"Bom crescimento operacional, mascarado por efeito não-caixa e resultado financeiro bem pesado. Dívida está bem complicada"
GOAU4,Metalúrgica Gerdau,3,"5,431",4,Holdings,9.916%,70.3%,6.4%,18%,2.7,6.8,1,-0.95%,13.4B,"Resultado basicamente igual ao da Gerdau, está sendo carregado pelas operações na América do Norte"
GGBR4,Gerdau,3,"6,139",4,Siderurgia,11.42%,60.7%,6.4%,18%,6.8,23,1,-0.95%,45.31B,"Resultado de siderurgia no Brasil está um desastre, mas quem tem operação no exterior está conseguindo salvar bem"
QUAL3,Qualicorp,3,"5,523",4,Seguros,-4.103%,-13.4%,-1.7%,29%,2.3,27,1.4,-6.7%,505.5M,"Um caso de base de comparação bem ruim, os resultados da Qualicorp não estão nada de mais, a empresa mal consegue dar lucro"
SUZB3,Suzano Papel,3,"9,172",3,Papel e Celulose,-11.93%,-19.9%,-0.79%,-15%,5.5,5.8,3.1,-1.3%,52.35B,"Resultado bem mais ou menos da Suzano, ainda que devido a fatores extraordinários como o câmbio e os preços do papel"
MGLU3,Magazine Luiza,3,"7,307",3,Varejo - Geral,-25.92%,-26.5%,-2.4%,-33%,2.8,50,1.1,21%,5.253B,"Resultado feio da Magazine Luiza, que mesmo alterando a estratégia, parece que só vai andar se o cenário econômico mudar muito"
DASA3,Dasa,3,"3,886",4,Saúde - Serviços Diagnósticos,-2.866%,75.3%,-6.7%,-9.9%,5.1,,2.8,13%,4.367B,"Alguns pontos positivos, como crescimento da receita e EBITDA, mas o resultado da Dasa continua sem empolgar muito"
LWSA3,LWSA,3,"3,454",5,Software e Serviços de TI,-12.23%,1.95%,-15%,-2.7%,,,-,0%,2.149B,"Os resultados cresceram bastante, é verdade, mas sobre uma base muito fraca, ainda não é bom, mas já é alguma coisa"
RAIL3,Rumo Log,3,"9,019",4,Transporte e Logística - Ferroviário,-11.85%,-17.7%,3.3%,23%,6.3,28,2.5,5.1%,26.69B,"A Rumo segue os seus projetos estratégicos, no momento surfando em um ganhod e volume e marketshare no mercado"
DXCO3,Dexco,3,"2,249",4,Materiais de Construção,-11.03%,-0.82%,5.6%,21%,4.4,57,2.3,-9.1%,4.512B,"Interessante essa recuperação do EBITDA da divisão de cerâmicos, pode ser o início de uma recuperação mais robusta para a Dexco"
POSI3,Positivo,3,832,4,Tecnologia,-13.98%,-14.5%,5.1%,8.3%,3.7,46,1.9,-10%,581.4M,"Esse foi o 4 estrelas mais otimista que eu vi da IA, a Positivo continua com dificuldades para entregar um resultado estável"
VBBR3,Vibra Energia,3,"14,819",5,Distribuição de Combustíveis,-1.385%,77.2%,20%,51%,8.1,13,2.6,-22%,38.69B,"Outra empresa de distribuição de combustíveis que veio com resultados recordes, mas atenção para o cenário contrubado do setor"
USIM5,Usiminas,3,"11,857",3,Siderurgia,42.76%,97.5%,110%,-19%,680,,-,0%,12.08B,"Resultado bem mediano para a Usiminas, operacional fraco, alguns ganhos não recorrentes, nada de mais"
SIMH3,Simpar,3,"4,646",4,Holdings,-27.69%,-2.35%,2%,-86%,3.8,170,3.4,-1.5%,5.534B,"Até que nesse resultado a Simpar entregou um pouco mais, vamos ver se o aumento de capital vai ajudar a empresa a embalar"
PTBL3,Portobello,3,454,2,Materiais de Construção,-18.64%,-63.1%,5.9%,2.7%,4.3,,3.4,0.58%,277.7M,"O resultado da Portobello continua ruim, mas pelo menos foi melhor que o 4T25, vamos ver se a empresa realmente aponta para cima"
UGPA3,Ultrapar,3,"7,639",5,Distribuição de Combustíveis,-1.914%,76.4%,18%,22%,6.2,10,1.9,-21%,31.73B,"O resultado realmente recuperou bem, mas no meio de um cenário conturbado de preço de combustíveis, difícil avaliar a resiliência"
SMTO3,São Martinho,3,"4,013",3,Agronegócio - Açúcar e Álcool,7.976%,-13%,-13%,38%,5.9,7.5,3.4,18%,5.754B,"O cenário não está favorável para as empresas sucroalcooleiras, o que pode piorar ainda mais com o crescimento do etanol de milho"
ABEV3,Ambev,3,"14,131",4,Alimentos e Bebidas,7.333%,21.4%,0.55%,0.51%,8,15,-,0%,258.5B,"Resultado um pouco melhor da Ambev, com alguns sucessos no mercado e controle de custos. À espera da aguardada copa do mundo"
CSNA3,CSN,3,"4,971",3,Siderurgia,1.355%,-23.5%,-4.9%,-12%,5.4,,4.3,2.8%,8.911B,"Resultado fraco da CSN, mercado de siderurgia só vai bem nos EUA, aqui muita dificuldade"
ROMI3,Indústrias Romi,3,691,2,Máquinas e Produtos Industriais,-5.429%,-23.6%,-6.7%,-9.3%,7.6,8.5,3.7,9.6%,608.4M,"Resultado da Romi veio bem ruim, apesar das B+W estarem indo bem o negócio de bens de capital piorou demais e tá feio"
TAEE11,Taesa,3,"4,603",4,Energia - Transmissão,-11.49%,18%,-1.3%,-0.76%,6.9,20,3.6,4.9%,13.6B,"Pois é, a IA mencionou a ""capacidade"" de transformar o lucro em dividendos, o problema é a dívida alta que isso gera. Eu não gosto"
RANI3,Irani,3,"1,297",2,Papel e Celulose,-4.829%,9.78%,-6%,-16%,4.8,11,1.8,7.3%,1.851B,"Resultao ruim da Irani, mesmo que impactado por fatores externos, o ano não começou nada bem para a empresa"
NGRD3,Neogrid,3,374,3,Software e Serviços de TI,2.081%,17.5%,-23%,100%,11,,-,0%,293.9M,"Resultado muito fraco da Neogrid como sempre, não vai deixar saudades quando fechar o capital"
DEXP3,Dexxos,3,471,3,Químicos,-2.537%,-17.5%,-9.5%,-1.4%,3.5,6.2,-,0%,891.2M,"Resultado continua ruim para a Dexxos, as condições de preços não estão favoráveis, fora as confusões regulatórias"
UNIP6,Unipar,3,696,2,Químicos,-2.163%,5.66%,-16%,-23%,9.9,19,2.6,18%,6.79B,"Empresa cícilca sofre quando o preço dos produtos está em baixa, não tem muita escapatória para a Unipar aqui"
KLBN4,Klabin,3,"4,725",3,Papel e Celulose,-12.23%,-5.71%,-15%,-56%,7.9,33,4.3,12%,20.8B,"Resultado fraco da Klabin, mesmo que com muitos efeitos não caixa, o operacional ajustado também não foi grande coisa"
BRSR6,Banrisul,3,"2,708",2,Bancos,-9.119%,32%,,2.7%,,4,-,0%,6.672B,"Que resultado feio do Banrisul, no trimestre passado, eu falei que faltava constância, mas são altos e baixos demais"
MDIA3,M.Dias Branco,3,"1,221",4,Alimentos e Bebidas,-14.77%,-14.1%,3.2%,5.6%,5.6,11,-,0%,6.865B,"Cuidado com a base de comparação, o resultado do 1T25 foi tenebroso, esse resultado pareceu mediano, sem nada de mais"
FRAS3,Frasle Mobility,3,750,2,Autopeças,-1.227%,-14.9%,-5.6%,-9.2%,8.9,24,1.7,7.8%,6.308B,"Resultado azedou para a Frasle, a empresa ainda tem crédito na praça, mas realmente a crise chegou forte"
GRND3,Grendene,3,"3,068",3,Varejo - Calçados e Artigos Esportivos,-13.02%,2.82%,-1.6%,-1.7%,7.1,6.7,-,0%,3.627B,"Regular, como tem sido a regra para a Grendene por pelo menos uma década. Agora sem o resultado financeiro vai ter que se virar..."
AMAR3,Lojas Marisa,3,242,3,Varejo - Vestuário Geral,-24.72%,-53.1%,-25%,160%,6.9,28,4.8,42%,354.3M,"Apesar das vendas na ponta parecerem melhorar, esse resultado financeiro praticamente inviabiliza a recuperação das Lojas Marisa"
HBSA3,Hidrovias do Brasil,3,"3,138",2,Transporte e Logística - Hidroviário,-5.263%,7.64%,-4.8%,40%,8.6,,3.3,12%,4.53B,"A empresa tinha melhorado bastante, mas os mesmos problemas voltaram a assombrar, ela parece não conseguir ser resiliente"
BRBI11,BR Partners,3,"2,069",3,Bancos,-16.54%,18.4%,,-2.9%,,36,-,0%,1.738B,"A BR Partners está com um resultado mais ou menos, o que não parece muito animador quando se tem um BTG quebrando a banca"
BIOM3,Biomm,3,221,4,Saúde - Farmacêutico,-4.605%,-29.1%,970%,-440%,32,43,1.8,-89%,968.9M,"O resultado da Biomm cresceu muito, mas continua em um patamar muito fraco, não sustenta uma empresa de capital aberto"
AZEV4,Azevedo e Travassos,3,193,3,Construção Civil,-7.143%,-79.7%,-7.1%,-2.3%,,,L,0%,87.16M,"Pipeline de bilhões e lucro de menos de um milhão, por enquanto é só narrativa para enganar trouxa"
JSLG3,JSL,3,"1,233",3,Transporte e Logística - Rodoviário,-13.89%,37.4%,-8%,-220%,4.6,24,3.6,7.9%,1.943B,"Negócio anda meio complicado para a JSL, o aumento de capital deve aliviar um pouco, mas já está comprometendo bastante"
JALL3,Jalles Machado,3,"1,158",4,Agronegócio - Açúcar e Álcool,-11.95%,-34.4%,-18%,-180%,3.3,18,2.6,20%,846.9M,"A IA gostou, mas eu continuo não gostando dos resultados das empresas de álcool/açúcar, positivou o lucro com muita dificuldade"
CSED3,Cruzeiro do Sul,3,"1,087",3,Educação,-26.66%,-8.08%,-5.8%,-8.4%,2.9,7.2,0.66,-12%,1.553B,"Resultado fraco da Cruzeiro do Sul, aparentemente as educacionais perderam um pouco do fôlego do ano passado"
BBAS3,Banco do Brasil,3,"42,790",2,Bancos,-10.51%,-13.9%,,-6.4%,,8.4,-,0%,124.1B,"A recuperação do Banco do Brasil ainda vai demorar, as projeções de lucro foram ajustadas para baixo, segue a saga do crédito agro"
ENGI11,Energisa,3,"8,282",3,Energia - Distribuição,-14.34%,16%,-0.44%,-14%,,,3.8,-0.52%,25.9B,"O aumento do endividamento preocupou um pouco, e o impacto no resultado financeiro já é bem visível e presente na Energisa"
SHUL4,Schulz,3,"1,951",3,Máquinas e Produtos Industriais,-11.19%,3.14%,-6.7%,-5.5%,5.4,6.8,-,0%,1.787B,"A Schulz não passou ilesa pelo cenário complicado da indústria, ao menos se mantém rentável e com estrutura de capital controlada"
ESPA3,Espaçolaser,3,219,3,Varejo - Beleza e Cosméticos,-25%,-17.6%,2.2%,0%,3.3,32,2.3,0.9%,296.4M,"A empresa está tentando se recuperar, mas ainda tem muito trabalho para ser feito, pelo menos a dívida está melhorando"
OPCT3,Oceanpact,3,"1,694",4,Serviços Ambientais,-3.448%,72.3%,5.4%,16%,5.2,15,2.2,2.9%,2.076B,"A Oceanpact vai se segurando, mesmo com altíssimo custo de capital, em um negócio que é difícil de gerar valor nessas condições"
ALLD3,Allied Tecnologia,3,662,4,Varejo - Geral,-11.5%,-14%,1.4%,2.7%,1.3,1.9,0.24,240%,570M,"A Allied está em um buraco tão grande que qualquer coisa que vier é um bom resultado, a base de comparação é muito ruim"
ETER3,Eternit,3,290,2,Materiais de Construção,-10.3%,-14.8%,-4.1%,-4.1%,3,5.2,1.1,16%,224.2M,"Mais um resultado bem ruim da Eternit, que nunca mais se encontrou depois que o mercado de anos atrás desacelerou"
HBRE3,HBR Realty,3,225,4,Exploração Imobiliária,-18.57%,7.55%,4.6%,5.2%,4.5,3,3.7,-17%,303.4M,"Bom resultado da HBR, aos poucos melhorando a operação do W Hotel e controlando despesas, mas resultado financeiro ainda é pesado"
INTB3,Intelbras,3,"1,810",5,Tecnologia,-8.824%,6.81%,14%,19%,7,8.3,-,0%,4.646B,"Resultado bem normal da Intelbras, a IA achou excelente porque a base de comparação no 1T25 é muito fraca"
TOKY3,Grupo Toky,3,298,3,Varejo - Móveis,-57.58%,-85.1%,-240%,-10%,5.4,,5.1,0%,34.69M,"Resultado até razoável da Tocky, para quem vivia tomando prejuízos imensos, mas operacional segue muito ruim"
SBFG3,Grupo SBF,3,"4,615",3,Varejo - Calçados e Artigos Esportivos,-13.83%,-1.36%,3.4%,2.1%,6.8,8.5,3.4,15%,2.666B,"O grupo SBF está basicamente em modo sobrevivência, vamos ver se a copa do mundo consegue dar o impulso que a empresa precisa"
RECV3,PetroReconcavo,3,"6,595",2,Petróleo e Gás,-7.374%,-2.99%,-7.9%,-16%,3.9,7.7,1.1,11%,3.624B,"O maior problema da Petrorecôncavo é a produção caindo, aí nem o preço do Brent conseguiu salvar a empresa"
DESK3,Desktop,3,"1,313",4,Telecomunicações,-5.154%,95.9%,0.32%,-12%,5.2,30,1.9,4.3%,2.041B,"Bom resultado da Desktop que está focando mais na rentabilidade que no crescimento, mas o impacto da dívida ainda é grande"
VLID3,Valid,3,"2,367",3,Software e Serviços de TI,-12.85%,-29.1%,-5.5%,-6.7%,4,6.6,0.18,260%,1.485B,"Resultado regular da Valid, queda na receita não é bom, mas pelo menos a empresa conseguiu segurar a rentabilidade"
CBAV3,CBA,3,"2,058",4,Mineração,0.4739%,126%,-9.8%,3%,8.3,29,2.6,9.7%,6.927B,"Empresa cíclica é assim, tem trimestre bom, tem trimestre ruim, geralmente sem ir a lugar nenhum. Esse por acaso foi bom"
AMOB3,Automob,3,210,3,Automotivo,3.382%,12.5%,0.47%,7.3%,7.2,,5.9,-6.4%,556.2M,"A Automob ainda está no meio do seu processo de se viabilizar economicamente, alguns avanços, mas ainda falta muito chão"
ARML3,Armac,3,"2,752",4,Locação - Máquinas e Equip.,-40.46%,-10.1%,9.4%,1.4%,4.8,23,3,8.4%,1.289B,"Resultado mediano da Armac, embora a empresa esteja tentando arrumar a casa, a performance está muito aquém dos seus apres"
LAND3,Terra Santa,3,127,3,Agronegócio - Produção Agrícola,-2.582%,-27.8%,0%,-40%,530,260,41,62%,822.7M,"O negócio da Terra Santa não tem muito o que falar, ela arrenda sua terra e é basicamente isso, NAV bastante descontado"
PRNR3,Priner,3,"1,752",3,Serviços Profissionais,-11.32%,11.5%,37%,610%,6.4,19,2.1,-22%,1.107B,"A Priner meio que virou abóbora, a empresa estava em uma ascendente legal, mas agora sofre bastante com as condições econômicas"
AZUL53,Azul,2,546,3,Aéreo,22.03%,-,23%,-100%,,,4.8,-20%,15.99B,"Bem legal essa conclusão da IA mostrando que por mais que a empresa foi salva, o minoritário foi permanentemente lesado"
NATU3,Natura,2,"11,886",1,Varejo - Beleza e Cosméticos,-0.5905%,-2.51%,-12%,30%,9.5,,2.1,31%,14.47B,"A reestruturação da Natura já não parece tão promissora, o efeito esperado nas operações parece que não vem, continua complicado"
COCE5,Coelce,2,144,,Energia - Distribuição,-0.122%,34.4%,13%,28%,4.3,5.4,3,4.5%,2.875B,Baixa liquidez
CAML3,Camil,2,"1,717",2,Alimentos e Bebidas,-16.42%,19.6%,-0.12%,-32%,6.2,16,3.8,9.2%,2.03B,"Resultado bem ruim da Camil, nenhuma surpresa para a empresa que nunca conseguiu gerar valor de maneira consistente"
TASA4,Taurus Armas,2,899,2,Aeroespacial e Defesa,-11.11%,-42.3%,-25%,-310%,15,37,6.9,27%,635.8M,"Resultado horrível da Taurus. A IA ainda ficou deslumbrada com a queda nas tarifas, mas mesmo assim a empresa deve continuar ruim"
PCAR3,GPA,2,"1,759",2,Varejo - Alimentício,-20%,-30.7%,-42%,160%,7.4,,5.6,160%,1.018B,"O Pão de Açúcar está em reestruturação faz uns 5 anos, na ponta até parecem haver avanços, mas a empresa continua muito mal"
AZUL3,Azul,2,661,3,Aéreo,-15.03%,-,4.3%,"3,500%",,,2.4,-49%,8.793B,"A empresa, pelo visto, conseguiu ganhar um novo capítulo de vida com a recuperação judicial, vamos ver quanto tempo aguenta agora"
AMER3,Americanas,2,"2,233",3,Varejo - Geral,-20.56%,-0.194%,1.9%,-62%,2.2,,1.3,58%,1.027B,"A notícia boa é que o prejuízo diminuiu, fora isso as coisas continuam muito complicadas para as Americanas"
ISAE4,ISA Energia,2,"6,366",4,Energia - Transmissão,-7.45%,27%,-0.79%,-4.2%,8.4,8,3.6,9.3%,19.84B,"Um pouco de otimismo da IA aqui quando os covenants da dívida deixam de ser cumpridos, situação um pouco delicada para a ISA"
CSAN3,Cosan,2,"15,986",2,Holdings,-17.02%,-44.6%,32%,-5.8%,13,,9.7,-17%,17.41B,"A Cosan estão em uma situação bem complicada, tentando lutar pela continuidade mas com negócios indo muito mal"
SHOW3,Time For Fun,2,174,4,Turismo e Lazer,1.764%,-16.4%,-33%,-15%,,,-,0%,39.91M,"Resultado ""bom"" é só ilusão da base de comparação muito ruim. A Time4Fun não consegue mais ganhar dinheiro e vai sair da bolsa"
FESA4,Ferbasa,2,"2,799",2,Siderurgia,-25.58%,-5.71%,-6%,-14%,9.6,18,-,0%,2.88B,"O resultado da Ferbasa está horrível, tempestade perfeita para a empresa que vive para esperar um ciclo melhor"
MYPK3,Iochpe-Maxion,2,"1,435",3,Autopeças,-11.24%,-23.4%,0.2%,0.92%,3.5,6.4,2.6,-4.8%,1.399B,"Resultado ruim de uma empresa ruim, tem que ser justo que pelo menos o cenário tá bem complicado para esse negócio"
CASH3,Méliuz,2,"1,565",4,Serviços Financeiros,-11.7%,-49.6%,-170%,"7,000%",11,7,-,0%,473.3M,"Se a Méliuz tivesse focado no seu negócio principal, teria se recuperado e apresentado bons números, mas caiu no conto do bitcoin"
LIGT3,Light,2,"4,248",2,Energia - Distribuição,-46.24%,-57.1%,-20%,"1,100%",5.4,0.69,4.8,32%,1.006B,"A Light se reestruturou, mas tem muitos desafios operacionais além do corporativo, pelo menos conseguiu prorrogar a concessão"
RAPT4,Randoncorp,2,"2,663",3,Automotivo,-7.143%,-38.2%,3.2%,88%,5.2,6.2,3.9,-4.9%,1.806B,"A IA foi até bonzinha, resultado da Randon está ruim de verdade, por mais que a empresa tente reduzir os custos, a coisa tá feia"
ENJU3,Enjoei,2,144,3,Varejo - Geral,-9.402%,-11.7%,-40%,5.9%,1.4,,-,0%,217.3M,"Alguns pontos positivos da Enjoei não foram suficientes para impactar o resultado da empresa, que segue sem ser lucrativa"
TUPY3,Tupy,2,"3,621",2,Autopeças,-14.3%,-30.6%,-68%,13%,54,,29,190%,1.751B,"Resultados da Tupy continuam muito ruins, a empresa tenta sobreviver para viver dias melhores, porque agora sem chance"
BHIA3,Casas Bahia,2,"4,460",2,Varejo - Geral,-48.54%,-67.4%,-1.8%,22%,3.1,,2.5,25%,1.386B,"Resultado continua ruim para as Casas Bahia, apesar de aliviar a dívida com o aumento de capital, o peso do financeiro é monstro"
TCSA3,Tecnisa,2,107,2,Construção Civil,-13.33%,-5.65%,-3.6%,13%,,,L,0%,83.19M,"Resultado horrível da Tecnisa, só o Jardim de Perdizes para colaborar com o resultado da empresa, o resto está péssimo"
HBOR3,Helbor,2,"1,341",2,Construção Civil,-3.863%,-7.44%,-6.4%,-12%,15,3.9,13,11%,311.9M,"Helbor tendo o mesmo resultado fraco de sempre, vendas devagar, estoques crescendo, uma das poucas construtoras ruins da bolsa"
VITT3,Vittia,2,849,2,Agronegócio - Insumos Agrícolas,-6.757%,-14%,-10%,-6.1%,8.6,10,2.3,65%,562.3M,"Nesse cenário, a Vittia não consegue lucrar, ela precisa do produtor capitalizado para comprar seus fertilizantes diferenciados"
LJQQ3,Lojas Quero-Quero,2,"2,822",2,Varejo - Geral,-30.39%,-55.2%,-11%,19%,0.74,,-,0%,304.2M,"Resultado realmente bem ruim para as Lojas Quero-Quero, lojas performando mal, EBITDA zerou, situação tá bem complicada"
IFCM3,Infracommerce,2,170,2,Software e Serviços de TI,-34.38%,-97.7%,21%,4.4%,19,,L,0%,86.81M,"Nenhuma grande novidade aqui, a empresa foi sempre ruim e continua com resultados sofríveis, tentando se recuperar"
HAPV3,Hapvida,2,"8,313",3,Seguros,-4.743%,-71.7%,-8.3%,200%,4,,1.8,8.4%,6.233B,"Parece que o resultado da Hapvida só piora, não importa o que aconteça, a IA foi boazinha e está dando um voto de confiança"
VVEO3,Viveo,2,349,3,Saúde - Farmacêutico,-34.78%,-10.4%,6.1%,11%,3.6,20,3.1,-2.8%,400.3M,"A Viveo continua em situação complicada, até que a rentabilidade melhorou um pouco, mas a dívida continua pesando demais"
AZTE3,Azevedo & Travassos Energia,2,155,2,Petróleo e Gás,-38.89%,-70.3%,-25%,-20%,,,L,0%,79M,"Por enquanto o resultado da ATE dá para abastecer um posto de gasolina, mas dar lucro ainda está muito longe"
AURE3,Auren,2,"3,496",2,Energia - Geração,-11.95%,32.6%,-28%,120%,12,,7.3,39%,13.18B,"Resultado ruim da Auren, nenhuma surpresa, a empresa vem de uma série de problemas há anos sem muito sinal de melhora"
GOLL54,Gol,1,436,1,Aéreo,-15.14%,"1,740%",190%,-78%,4.5,,2.6,-78%,9.449B,"Não tem muito o que comentar, essas empresas aéreas só destroem o valor dos acionistas e vivem de vender esperaça de vez em quando"
GFSA3,Gafisa,1,505,1,Construção Civil,-23.33%,-95.5%,-2.8%,12%,,,L,0%,28.44M,"Gafisa não tem jeito, todo mundo ganhando dinheiro com construção e ela amargando resultados horríveis"
BRKM5,Braskem,1,"3,395",1,Químicos,39.51%,17.8%,-18%,-5.6%,22,,18,31%,8.228B,"Quando eu vi o lucro na tabela, achei que a IA seria enganada pela Braskem, mas nem ela cai mais nessa bucha"
RCSL4,Recrusul,1,"3,787",1,Máquinas e Produtos Industriais,-20%,62.5%,-30%,0%,,,-,0%,61.06M,"A empresa conseguiu quebrar a nossa análise, com zero de receita analisa os números como?"
INEP3,Inepar,1,160,,Máquinas e Produtos Industriais,17.39%,-6.09%,370%,120%,,,L,0%,115.6M,Baixa liquidez
OIBR3,Oi,1,110,1,Telecomunicações,-6.667%,-77.8%,-77%,-120%,,,L,0%,44.78M,"Depois de ser inteira desmontada, para surpresa de zero pessoas descobrimos que a operação da Oi dá prejuízo mesmo antes da dívida"
PMAM3,Paranapanema,1,448,,Siderurgia,-15.79%,-73.2%,47%,-38%,,,L,0%,70.89M,Baixa liquidez
AGXY3,AgroGalaxy,1,108,1,Agronegócio - Insumos Agrícolas,-6.468%,-67.7%,-150%,-140%,1.2,0.026,1.1,0%,35.28M,"Empresa em recuperação judicial, não tem muito o que comentar, pelo visto ainda não tem a menor condição de se recuperar"
AMBP3,Ambipar,1,406,3,Serviços Ambientais,-21.74%,-98.7%,18%,7.6%,3.1,,3,8.7%,284M,"Até que o operacional vem evoluindo, mas o custo da dívida hoje é proibitivo para a empresa e dificulta a redução da alavancagem"
ONCO3,Oncoclínicas,1,"3,085",1,Saúde - Serviços Hospitalares,-23.68%,-68.3%,20%,8.4%,,,L,0%,1.748B,"Resultado muito ruim da Oncoclínicas, essa tá precisando de um milagre para se recuperar, a químio tá matando o paciente"
RAIZ4,Raízen,1,"7,067",1,Distribuição de Combustíveis,-26.42%,-80.5%,-83%,430%,28,,26,660%,4.245B,"Não tenho nada a acrescentar ao comentário da IA, resultado horrível da Raízen que agora tenta desesperadamente se salvar"
OBTC3,Oranje BTC,1,"2,252",3,Educação,-11.32%,-,,,,,L,,1.158B,"Vou falar o que disso aqui? Não tem nem como comentar, compraram um cursinho para abrir uma empresa de tesouraria de bitcoin"